{
	"credit": "Made with Blockbench",
	"texture_size": [64, 32],
	"textures": {
		"0": "equiptexture/testarm"
	},
	"elements": [
		{
			"name": "body",
			"from": [3.25, 11.25, 5.25],
			"to": [12.75, 24.75, 10.75],
			"rotation": {"angle": 0, "axis": "y", "origin": [8, 0, 8]},
			"faces": {
				"north": {"uv": [5, 10, 7, 16], "texture": "#0"},
				"east": {"uv": [4, 10, 5, 16], "texture": "#0"},
				"south": {"uv": [8, 10, 10, 16], "texture": "#0"},
				"west": {"uv": [7, 10, 8, 16], "texture": "#0"},
				"up": {"uv": [7, 10, 5, 8], "texture": "#0"},
				"down": {"uv": [9, 8, 7, 10], "texture": "#0"}
			}
		},
		{
			"name": "body",
			"from": [4, 23.7, 4],
			"to": [12, 25.7, 12],
			"rotation": {"angle": 0, "axis": "y", "origin": [8, 0, 8]},
			"faces": {
				"north": {"uv": [10, 4, 12, 5], "texture": "#0"},
				"east": {"uv": [8, 4, 10, 5], "texture": "#0"},
				"south": {"uv": [14, 4, 16, 5], "texture": "#0"},
				"west": {"uv": [12, 4, 14, 5], "texture": "#0"},
				"up": {"uv": [12, 4, 10, 0], "texture": "#0"},
				"down": {"uv": [14, 0, 12, 4], "texture": "#0"}
			}
		},
		{
			"name": "body",
			"from": [3, 14, 5],
			"to": [13, 16, 11],
			"rotation": {"angle": 0, "axis": "y", "origin": [8, 0, 8]},
			"faces": {
				"north": {"uv": [1.5, 3.5, 4, 4.5], "texture": "#0"},
				"east": {"uv": [0, 3.5, 1.5, 4.5], "texture": "#0"},
				"south": {"uv": [5.5, 3.5, 8, 4.5], "texture": "#0"},
				"west": {"uv": [4, 3.5, 5.5, 4.5], "texture": "#0"},
				"up": {"uv": [4, 3.5, 1.5, 0.5], "texture": "#0"},
				"down": {"uv": [6.5, 0.5, 4, 3.5], "texture": "#0"}
			}
		},
		{
			"name": "body",
			"from": [4, 20, 9.6],
			"to": [12, 23, 11.6],
			"rotation": {"angle": 0, "axis": "y", "origin": [8, 0, 8]},
			"faces": {
				"north": {"uv": [5.5, 12, 7.5, 13.5], "texture": "#0"},
				"east": {"uv": [5, 12, 5.5, 13.5], "texture": "#0"},
				"south": {"uv": [8, 12, 10, 13.5], "texture": "#0"},
				"west": {"uv": [7.5, 12, 8, 13.5], "texture": "#0"},
				"up": {"uv": [7.5, 12, 5.5, 11], "texture": "#0"},
				"down": {"uv": [9.5, 11, 7.5, 12], "texture": "#0"}
			}
		},
		{
			"name": "body",
			"from": [6, 18, 9.6],
			"to": [10, 20, 11.6],
			"rotation": {"angle": 0, "axis": "y", "origin": [8, 0, 8]},
			"faces": {
				"north": {"uv": [5.25, 12.5, 6.25, 13.5], "texture": "#0"},
				"east": {"uv": [4.75, 12.5, 5.25, 13.5], "texture": "#0"},
				"south": {"uv": [6.75, 12.5, 7.75, 13.5], "texture": "#0"},
				"west": {"uv": [6.25, 12.5, 6.75, 13.5], "texture": "#0"},
				"up": {"uv": [6.25, 12.5, 5.25, 11.5], "texture": "#0"},
				"down": {"uv": [7.25, 11.5, 6.25, 12.5], "texture": "#0"}
			}
		},
		{
			"name": "body",
			"from": [4, 5.9, 12],
			"to": [12, 23.9, 12],
			"rotation": {"angle": 0, "axis": "y", "origin": [8, 0, 8]},
			"faces": {
				"north": {"uv": [0, 6.5, 2, 15.5], "texture": "#0"},
				"east": {"uv": [0, 6.5, 0, 15.5], "texture": "#0"},
				"south": {"uv": [2, 6.5, 4, 15.5], "texture": "#0"},
				"west": {"uv": [2, 6.5, 2, 15.5], "texture": "#0"},
				"up": {"uv": [2, 6.5, 0, 6.5], "texture": "#0"},
				"down": {"uv": [4, 6.5, 2, 6.5], "texture": "#0"}
			}
		},
		{
			"name": "left_arm",
			"from": [-0.75, 11.25, 5.25],
			"to": [4.75, 24.75, 10.75],
			"rotation": {"angle": 0, "axis": "y", "origin": [8, 0, 8]},
			"faces": {
				"north": {"uv": [12, 10, 11, 16], "texture": "#0"},
				"east": {"uv": [13, 10, 12, 16], "texture": "#0"},
				"south": {"uv": [14, 10, 13, 16], "texture": "#0"},
				"west": {"uv": [11, 10, 10, 16], "texture": "#0"},
				"up": {"uv": [11, 10, 12, 8], "texture": "#0"},
				"down": {"uv": [12, 8, 13, 10], "texture": "#0"}
			}
		},
		{
			"name": "right_arm",
			"from": [11.25, 11.25, 5.25],
			"to": [16.75, 24.75, 10.75],
			"rotation": {"angle": 0, "axis": "y", "origin": [8, 0, 8]},
			"faces": {
				"north": {"uv": [11, 10, 12, 16], "texture": "#0"},
				"east": {"uv": [10, 10, 11, 16], "texture": "#0"},
				"south": {"uv": [13, 10, 14, 16], "texture": "#0"},
				"west": {"uv": [12, 10, 13, 16], "texture": "#0"},
				"up": {"uv": [12, 10, 11, 8], "texture": "#0"},
				"down": {"uv": [13, 8, 12, 10], "texture": "#0"}
			}
		}
	],
	"display": {
		"thirdperson_righthand": {
			"translation": [0, 3, 2],
			"scale": [0.55, 0.55, 0.43281]
		},
		"firstperson_righthand": {
			"translation": [0, -8.5, 0.25]
		}
	},
	"groups": [
		{
			"name": "head",
			"origin": [8, 24, 8],
			"color": 0,
			"children": []
		},
		{
			"name": "body",
			"origin": [8, 24, 8],
			"color": 0,
			"children": [0, 1, 2, 3, 4, 5]
		},
		{
			"name": "left_shoe",
			"origin": [6.1, 12, 8],
			"color": 0,
			"children": []
		},
		{
			"name": "right_shoe",
			"origin": [9.9, 12, 8],
			"color": 0,
			"children": []
		},
		{
			"name": "left_arm",
			"origin": [3, 22, 8],
			"color": 0,
			"children": [6]
		},
		{
			"name": "right_arm",
			"origin": [13, 22, 8],
			"color": 0,
			"children": [7]
		}
	]
}